Stock,Sector,Score,Price,Change,ChangePercent,ForeignNet,TrustNet,TotalNet,MarginDiff,MarginBalance,ShortDiff,ShortBalance,ChipSignal,BullishRatio,BearishRatio,SarcasmRatio,Mentions,UniqueUsers,PE,PB,Yield,Concentration,AvgTargetPrice,Events,TopKeywords,Risk
台積電 (2330),半導體業,10,"2,550.00",-35.00,-1.35%,-12303,792,-11001,1308,"31,586",-5,45,💣 外資大倒貨 ✕ 散戶融資接刀 (套牢警戒),0%,0%,0%,2,2,29.56,10.28,0.86,50%,-,,,無
上詮 (3363),其他,10,667.00,-12.00,-1.77%,-,-,-,-,-,-,-,⚖️ 散戶與法人動向平衡,0%,0%,0%,2,2,N/A,13.26,0.00,50%,-,,,無
力士 (4923),其他,7,61.40,-1.30,-2.07%,-,-,-,-,-,-,-,⚖️ 散戶與法人動向平衡,100%,0%,0%,1,1,N/A,4.12,0.00,100%,-,,買,無
友達 (2409),光電業,5,36.60,-1.35,-3.56%,-59451,-3,-67949,-2565,"310,016",1173,"16,771",🔴 外資大出貨 ✕ 散戶追高 (散戶套牢警報),100%,0%,0%,1,1,152.50,1.79,1.09,100%,-,,噴,無
合一 (4743),其他,5,48.10,+1.00,+2.12%,-,-,-,-,-,-,-,⚖️ 散戶與法人動向平衡,0%,0%,0%,1,1,370.00,2.25,0.00,100%,-,,,無
光明 (4420),其他,5,35.80,+0.40,+1.13%,-,-,-,-,-,-,-,⚖️ 散戶與法人動向平衡,0%,0%,0%,1,1,26.72,1.02,8.38,100%,-,,,無
大將 (1453),建材營造,5,10.80,-0.15,-1.37%,-11,0,-11,2,863,0,0,⚖️ 散戶與法人動向平衡,0%,0%,0%,1,1,15.43,0.81,2.78,100%,-,,,無
大立光 (3008),光電業,5,"6,660.00",-185.00,-2.70%,-302,23,-278,26,"4,830",5,55,⚖️ 散戶與法人動向平衡,0%,0%,0%,1,1,35.42,4.55,1.20,100%,-,,,無
全台 (3038),光電業,3,20.40,-0.05,-0.24%,-6,0,-6,9,"1,259",0,0,⚖️ 散戶與法人動向平衡,0%,50%,50%,1,1,13.51,1.15,5.88,100%,-,,"空, 99",偏負面
統一超 (2912),貿易百貨,1,213.00,-0.50,-0.23%,726,21,750,5,"1,000",0,0,🟢 法人逆勢買 ✕ 散戶看空 (潛在軋空強多),0%,100%,0%,1,1,19.19,5.40,4.23,100%,-,,"爛, 空",偏負面
群創 (3481),光電業,1,51.00,-1.50,-2.86%,-20582,18,-20853,3395,"336,811",-803,"2,830",💣 外資大倒貨 ✕ 散戶融資接刀 (套牢警戒),0%,100%,0%,1,1,65.38,1.81,1.96,100%,-,,"爛, 空",偏負面
統一 (1216),食品工業,1,75.60,+0.10,+0.13%,4818,1911,7116,-343,761,0,0,💎 融資退場 ✕ 法人吸籌 (洗盤完畢),0%,100%,0%,1,1,18.26,3.15,3.97,100%,-,,"爛, 空",偏負面
萬在 (4543),其他,1,32.55,-0.20,-0.61%,-,-,-,-,-,-,-,⚖️ 散戶與法人動向平衡,0%,100%,0%,1,1,12.71,1.04,2.15,100%,-,,"跌, 空",偏負面
